linguagem,exato,guloso
c,71.36363636363636,121.0
c#,47.72727272727273,80.0
c++,52.09090909090909,69.0
go,50.81818181818182,64.0
java,39.90909090909091,60.0
javascript,28.0,34.0
kotlin,32.45454545454545,52.0
python,31.0,33.0
rust,49.81818181818182,82.0
typescript,36.63636363636363,44.0
