tamanho,tempo_exato_mean,tempo_heur_mean,speedup_exato_div_heur,ganho_percent
small,0.5719733666666666,0.11492098333333334,4.977101222738696,79.90798347778548
medium,3.723571674074074,0.13431842666666666,27.721972081423583,96.39275302253803
large,,0.2409053533333333,,
