tamanho,exato,guloso
small,0.5719733666666666,0.11492098333333334
medium,3.723571674074074,0.13431842666666666
large,,0.2409053533333333
