tamanho,exato,guloso
small,1.27090253213159,0.2069184890190567
medium,2.4982994074863947,0.22008422470005445
large,,0.2618140335595176
