tamanho,algoritmo_norm,tempo_s_mean,tempo_s_std,n
small,exato,0.5719733666666666,1.27090253213159,300
small,guloso,0.11492098333333334,0.2069184890190567,300
medium,exato,3.723571674074074,2.4982994074863947,270
medium,guloso,0.13431842666666666,0.22008422470005445,300
large,guloso,0.2409053533333333,0.2618140335595176,300
