linguagem,tempo_s,linhas_codigo,n_execucoes
c,0.08011485185185185,62.333333333333336,270
c#,0.09307412962962963,43.0,270
c++,0.08389767777777778,53.0,270
go,0.19341122962962964,50.333333333333336,270
java,0.14511432962962964,37.666666666666664,270
javascript,0.19033236296296296,28.666666666666668,270
kotlin,0.15713887777777777,29.666666666666668,270
python,1.1018575333333334,32.0,270
rust,0.05237117777777778,45.333333333333336,270
typescript,0.9917926333333335,37.0,270
